parent_region;region;u_name;popularity;cost_per_week;jan;feb;mar;apr;may;jun;jul;aug;sep;oct;nov;dec;safety;nature;hiking;beach;watersports;entertainment;wintersports;culture;culinary;architecture;shopping;description
;World;;;400.0;o;o;o;o;o;o;o;o;o;o;o;o;o;o;o;o;o;o;o;o;o;o;o;
World;Europe;;;;;;;;;;;;;;;;;;;;;;;;;;;
World;North America;;;;;;;;;;;;;;;;;;;;;;;;;;;
World;Middle America and Caribbean;;;;;;;;;;;;;;;;;;;;;;;;;;;
World;South America;;;;;;;;;;;;;;;;;;;;;;;;;;;
World;Africa;;;;;;;;;;;;;;;;;;;;;;;;;;;
World;Asia;;;;;;;;;;;;;;;;;;;;;;;;;;;
World;Oceania;;;;;;;;;;;;;;;;;;;;;;;;;;;
;;;;;;;;;;;;;;;;;;;;;;;;;;;;
North America;Canada;;;725.0;;;;;;;;;;;;;+;;;;;;;;;;;
Canada;Canada North;CND_NO;--;725.0;--;--;--;--;o;+;++;++;+;o;--;--;+;o;o;--;--;--;o;--;--;--;--;Canada North features the rugged wilderness of the Northwest Territories and Nunavut.
Canada;Canada British Columbia;CND_BC;++;725.0;--;--;--;-;o;+;++;++;+;o;--;--;+;++;++;-;o;+;++;o;+;+;+;Canada British Columbia is defined by its dramatic Pacific coastline and the soaring Rocky Mountains. It boasts spectacular rainforests in the Great Bear Rainforest and alpine scenery in Whistler. The West Coast Trail offers a legendary hiking challenge, while the Chief in Squamish provides stunning views. Whistler Blackcomb is a premier destination for world-class skiing and snowboarding.
Canada;Canada Prairies;CND_PR;-;725.0;--;--;--;-;o;+;++;++;+;o;--;--;+;++;++;-;-;--;++;-;-;-;-;Canada Prairies offers vast, living skies and rich agricultural landscapes. Banff and Jasper National Parks on the western edge provide breathtaking mountain vistas and turquoise lakes like Lake Louise. Trails in the Badlands of Dinosaur Provincial Park offer unique geological explorations.
Canada;Canada Ontario;CND_ON;+;725.0;--;--;-;o;+;++;++;++;++;+;-;--;+;++;++;--;-;+;-;o;-;o;o;Canada Ontario blends bustling city life with abundant natural waters. The majestic Niagara Falls and the serene islands of Georgian Bay are must-see natural wonders. The Bruce Trail offers extensive hiking along the Niagara Escarpment.
Canada;Canada Quebec;CND_QU;+;725.0;--;--;-;o;+;++;++;++;++;+;-;--;+;+;+;--;-;+;+;+;-;+;+;Canada Quebec is the heart of French Canada, known for its European charm and vast forests. The Laurentian Mountains offer beautiful fall foliage and year-round outdoor activities. Old Quebec City, a UNESCO World Heritage site, features historic fortifications and cobblestone streets. Mont-Tremblant provides excellent skiing and a picturesque winter village atmosphere.
Canada;Canada Atlantic Provinces;CND_AT;+;725.0;--;--;-;o;+;++;++;++;++;+;-;--;+;++;o;-;+;o;o;o;+;-;o;Canada Atlantic Provinces is characterized by rugged coastlines and maritime history. Gros Morne National Park offers dramatic fjords and tablelands. The Bay of Fundy showcases the world's highest tides.
North America;Greenland;GRL;-;975.0;--;--;-;o;+;++;++;++;++;+;-;--;++;+;+;--;o;--;o;-;--;--;--;Greenland offers a unique travel experience. Nature enthusiasts will appreciate the beautiful landscapes and natural scenery. Scenic trails offer great opportunities for hiking and exploration.
;;;;;;;;;;;;;;;;;;;;;;;;;;;;
North America;USA;;;600.0;;;;;;;;;;;;;+;;;;;;;;;;;
USA;USA Alaska;USA_AL;o;975.0;--;--;--;--;o;+;++;++;+;o;--;--;+;++;+;--;-;-;o;-;o;--;--;USA Alaska is the ultimate frontier, offering immense glaciers and wildlife. Denali National Park is home to North America's highest peak and grizzly bears. Kenai Fjords National Park offers stunning glacial views. Trails like the Harding Icefield Trail provide challenging but rewarding treks.
USA;USA Pacific Northwest;USA_PN;+;600.0;-;-;-;o;+;++;++;++;++;+;o;-;+;++;+;o;-;o;+;o;o;+;o;USA Pacific Northwest is known for its lush evergreen forests and rugged coastline. Olympic National Park features temperate rainforests and sea stacks. Mount Rainier stands as an iconic glacial peak.
USA;USA California;USA_CA;++;600.0;o;o;+;++;++;+;+;+;++;++;+;o;o;+;+;++;+;++;-;+;o;++;++;USA California offers a diverse landscape from sun-soaked beaches to granite peaks. Yosemite National Park displays massive granite cliffs like El Capitan. The towering Redwoods stand as ancient giants along the coast. Beaches like Santa Monica and Malibu are world-famous for sun and surf. Hollywood and Disneyland provide iconic entertainment experiences.
USA;USA Southwest;USA_SW;++;600.0;o;o;+;++;++;+;o;o;++;++;+;o;+;++;+;--;-;-;--;-;-;-;--;USA Southwest is a land of red rocks and desert grandeur. The Grand Canyon offers awe-inspiring vistas. Zion and Bryce Canyon National Parks feature stunning sandstone formations. The Narrows in Zion offer a unique river hiking experience.
USA;USA Rocky Mountains;USA_RM;+;600.0;-;-;-;o;+;++;++;++;++;+;o;-;+;+;++;--;--;-;++;-;-;-;--;USA Rocky Mountains is a paradise for mountain enthusiasts. Rocky Mountain National Park features high-altitude lakes and peaks. Yellowstone dazzles with geothermal geysers and wildlife like bison. Vail and Aspen are world-renowned for luxury skiing.
USA;USA Great Plains;USA_GP;o;600.0;--;-;-;o;+;++;+;+;++;+;-;--;+;o;--;--;--;--;--;-;-;--;--;USA Great Plains offers a unique travel experience.
USA;USA Texas;USA_TX;o;600.0;-;o;+;++;++;+;o;o;++;+;o;-;+;-;-;o;o;o;-;+;o;o;o;USA Texas offers a unique travel experience. Visitors can explore the rich local heritage and historical sites.
USA;USA Midwest;USA_MW;-;600.0;--;--;-;o;+;++;+;+;++;+;-;--;+;o;--;-;-;++;--;+;+;++;+;USA Midwest offers a unique travel experience. Visitors can explore the rich local heritage and historical sites.
USA;USA South;USA_SO;+;600.0;o;o;+;++;++;+;o;o;++;++;+;o;+;+;-;+;++;++;--;+;++;o;o;USA South offers a unique travel experience. Nature enthusiasts will appreciate the beautiful landscapes and natural scenery. Visitors can explore the rich local heritage and historical sites. Beautiful beaches provide the perfect setting for relaxation.
USA;USA Florida;USA_FL;++;600.0;++;++;++;+;o;-;--;--;-;o;++;++;+;+;-;++;++;++;--;+;+;+;o;USA Florida is the Sunshine State, famous for its tropical climate. South Beach in Miami and the keys offering turquoise waters. The Everglades National Park is a unique ecosystem of wetlands and alligators. Orlando's theme parks like Walt Disney World are global attractions.
USA;USA Mid-Atlantic;USA_MA;o;600.0;--;--;-;o;+;++;++;++;++;+;-;--;o;o;-;-;-;++;o;+;o;++;++;USA Mid-Atlantic offers a unique travel experience. Visitors can explore the rich local heritage and historical sites.
USA;USA New England;USA_NE;+;600.0;--;--;-;o;+;++;++;++;++;++;-;--;+;+;+;-;o;o;o;+;+;+;-;USA New England is known for its colonial history and spectacular autumn colors. Acadia National Park offers rugged coastal beauty. The White Mountains provide scenic drives and hikes. Boston's Freedom Trail connects key historic sites of the American Revolution.
USA;USA Hawaii;USA_HA;+;600.0;+;+;++;++;++;++;++;++;++;++;++;+;o;+;o;++;++;o;--;o;+;-;-;USA Hawaii is a tropical paradise of volcanic islands. Volcanoes National Park allows visitors to see active lava flows. The Na Pali Coast offers breathtaking cliffs and valleys. Waikiki and North Shore beaches are legendary for surfing and relaxation.
;;;;;;;;;;;;;;;;;;;;;;;;;;;;
North America;Mexico;;;375.0;;;;;;;;;;;;;o;;;;;;;;;;;
Mexico;Mexico Baja California;MEX_BC;+;375.0;++;++;+;+;o;--;--;--;-;o;+;++;o;+;-;++;++;o;--;-;o;--;--;Mexico Baja California offers a unique travel experience. Nature enthusiasts will appreciate the beautiful landscapes and natural scenery. Beautiful beaches provide the perfect setting for relaxation.
Mexico;Northern Mexico;MEX_NO;-;375.0;++;++;+;+;o;--;--;--;-;o;+;++;o;o;o;--;--;--;--;-;-;--;--;Northern Mexico offers a unique travel experience.
Mexico;Mexico Bajio and Central Mexico;MEX_BA;o;375.0;++;++;+;+;o;--;--;--;-;o;+;++;o;+;o;--;--;o;--;+;o;+;+;Mexico Bajio and Central Mexico offers a unique travel experience. Nature enthusiasts will appreciate the beautiful landscapes and natural scenery. Visitors can explore the rich local heritage and historical sites.
Mexico;Mexico Pacific Coast;MEX_PC;+;375.0;++;++;++;+;+;-;--;--;--;o;+;++;o;o;-;o;o;-;--;o;o;-;-;Mexico Pacific Coast offers a unique travel experience.
Mexico;Mexico Yucatan;MEX_YU;++;415.0;++;++;++;+;+;-;--;--;--;o;+;++;o;o;-;+;+;-;--;++;+;o;-;Mexico Yucatan is rich in Mayan history and Caribbean beauty. Cancun and Tulum boast white sand beaches and turquoise waters. Chichen Itza and Uxmal are magnificent Mayan archaeological sites.
;;;;;;;;;;;;;;;;;;;;;;;;;;;;
Middle America and Caribbean;Middle America;;;;++;++;++;+;+;o;-;-;-;o;+;++;;;;;;;;;;;;
Middle America;Guatemala and Belize;GTM;o;250.0;++;++;++;+;o;-;--;--;--;o;+;++;-;o;-;o;-;-;--;++;o;-;-;Guatemala and Belize offers a unique travel experience. Visitors can explore the rich local heritage and historical sites.
Middle America;Honduras and El Salvador;HND;o;250.0;++;++;++;+;o;-;--;--;--;o;+;++;-;o;o;+;+;-;--;+;o;-;-;Honduras and El Salvador offers a unique travel experience. Visitors can explore the rich local heritage and historical sites. Beautiful beaches provide the perfect setting for relaxation.
Middle America;Nicaragua;NIC;o;250.0;++;++;++;+;o;-;--;--;--;o;+;++;-;o;-;o;o;-;--;o;o;-;-;Nicaragua offers a unique travel experience.
Middle America;Costa Rica;CRI;+;400.0;++;++;++;+;o;-;-;-;-;o;+;++;o;++;+;+;+;-;--;o;o;-;-;Costa Rica is a haven for eco-tourism and biodiversity. Monteverde Cloud Forest Reserve offers misty trails and wildlife. Arenal Volcano is a stunning conical landmark. Manuel Antonio National Park combines rainforests with pristine beaches.
Middle America;Panama;PAN;o;400.0;++;++;++;+;o;-;-;-;-;o;+;++;o;+;+;+;o;-;--;o;o;+;-;Panama offers a unique travel experience. Nature enthusiasts will appreciate the beautiful landscapes and natural scenery. Beautiful beaches provide the perfect setting for relaxation. Scenic trails offer great opportunities for hiking and exploration.
;;;;;;;;;;;;;;;;;;;;;;;;;;;;
Middle America and Caribbean;Caribbean;;;;++;++;++;++;+;o;-;-;-;-;+;++;o;;;;;;;;;;;
Caribbean;Bahamas, Turks and Caicos Islands;BHS;+;725.0;++;++;++;+;o;-;--;--;-;o;++;++;o;-;--;++;++;+;--;o;-;--;-;Bahamas, Turks and Caicos Islands offers a unique travel experience. Beautiful beaches provide the perfect setting for relaxation.
Caribbean;Cuba;CUB;o;350.0;++;++;++;++;+;o;-;--;--;-;+;++;+;o;-;o;-;o;--;++;--;+;-;Cuba is a vibrant island frozen in time. Old Havana features Spanish colonial architecture and classic cars. The streets are alive with salsa music and dance.
Caribbean;Greater Antilles without Cuba;HTI;++;575.0;++;++;++;++;+;o;-;--;--;-;+;++;o;o;o;++;+;o;--;+;-;-;-;Greater Antilles without Cuba offers a unique travel experience. Visitors can explore the rich local heritage and historical sites. Beautiful beaches provide the perfect setting for relaxation.
Caribbean;Lesser Antilles;AIA;+;575.0;++;++;++;++;+;o;-;--;--;-;+;++;o;o;--;++;++;+;--;o;o;--;-;Lesser Antilles offers a unique travel experience. Beautiful beaches provide the perfect setting for relaxation.
;;;;;;;;;;;;;;;;;;;;;;;;;;;;nan offers a unique travel experience.
South America;Venezuela;VEN;--;390.0;++;++;++;++;+;o;-;-;-;o;+;++;-;++;-;+;o;-;--;o;o;o;o;Venezuela offers a unique travel experience. Nature enthusiasts will appreciate the beautiful landscapes and natural scenery. Beautiful beaches provide the perfect setting for relaxation.
South America;Guianas;GUY;--;525.0;o;+;++;+;-;-;-;o;++;++;++;o;-;+;-;o;-;--;--;-;+;--;--;Guianas offers a unique travel experience. Nature enthusiasts will appreciate the beautiful landscapes and natural scenery.
South America;Colombia;COL;o;350.0;++;++;++;o;-;-;+;+;-;-;o;++;o;+;o;+;o;+;-;+;o;o;o;Colombia offers a unique travel experience. Nature enthusiasts will appreciate the beautiful landscapes and natural scenery. Visitors can explore the rich local heritage and historical sites. Beautiful beaches provide the perfect setting for relaxation.
South America;Ecuador;ECU;+;350.0;-;-;-;o;o;+;++;++;++;o;-;-;o;+;+;o;o;-;--;o;o;o;o;Ecuador offers a unique travel experience. Nature enthusiasts will appreciate the beautiful landscapes and natural scenery. Scenic trails offer great opportunities for hiking and exploration.
South America;Peru;PER;+;350.0;-;-;-;o;+;++;++;++;+;o;-;-;-;++;+;-;-;-;--;++;+;-;o;Peru is the land of the Incas and diverse geography. Machu Picchu, the lost city of the Incas, is a world wonder. Cusco displays a unique blend of Incan and colonial architecture. The Amazon Rainforest offers unparalleled biodiversity. The Inca Trail is a bucket-list trek through the Andes.
South America;Bolivia;BOL;o;310.0;--;--;-;+;++;++;++;++;++;+;-;--;o;+;+;--;--;-;--;+;o;-;o;Bolivia offers a unique travel experience. Nature enthusiasts will appreciate the beautiful landscapes and natural scenery. Visitors can explore the rich local heritage and historical sites. Scenic trails offer great opportunities for hiking and exploration.
;;;;;;;;;;;;;;;;;;;;;;;;;;;;
South America;Brazil;;;625.0;;;;;;;;;;;;;-;;;;;;;;;;;
Brazil;Brazil North;BRA_NO;o;625.0;-;-;-;-;o;++;++;++;++;+;o;-;-;o;-;-;--;--;--;-;o;-;-;Brazil North offers a unique travel experience.
Brazil;Brazil Northeast;BRA_NE;o;625.0;+;o;-;--;--;--;-;+;++;++;++;++;-;o;-;+;+;o;--;+;o;o;o;Brazil Northeast offers a unique travel experience. Visitors can explore the rich local heritage and historical sites. Beautiful beaches provide the perfect setting for relaxation.
Brazil;Brazil Central West;BRA_CW;-;625.0;-;-;-;o;+;++;++;++;+;o;-;-;-;+;o;--;-;-;--;o;o;-;-;Brazil Central West is a wildlife sanctuary. The Pantanal is the world's largest wetland, perfect for spotting jaguars and caimans. Chapada dos Guimarães offers dramatic red sandstone cliffs and waterfalls.
Brazil;Brazil Southeast;BRA_SE;+;625.0;-;-;o;+;++;++;++;++;+;o;-;-;-;o;-;+;o;o;--;++;o;++;+;Brazil Southeast is the cultural and economic heart of the country. Christ the Redeemer and the Sugarloaf Mountain are iconic landmarks. Copacabana and Ipanema beaches are famous for their vibrant social scene.
Brazil;Brazil South;BRA_SO;o;625.0;++;++;++;+;+;o;o;o;+;+;++;++;-;-;-;o;-;o;--;o;o;-;-;Brazil South offers a unique travel experience.
;;;;;;;;;;;;;;;;;;;;;;;;;;;;nan offers a unique travel experience.
South America;Chile North and Central;CHL_NC;o;400.0;+;++;++;++;+;o;o;o;++;++;++;+;+;+;o;--;-;o;--;+;o;o;o;Chile North and Central offers a unique travel experience. Nature enthusiasts will appreciate the beautiful landscapes and natural scenery. Visitors can explore the rich local heritage and historical sites.
South America;Paraguay;PRY;-;400.0;o;o;o;+;++;++;++;++;++;+;o;o;+;o;-;--;--;-;--;o;o;-;o;Paraguay offers a unique travel experience.
South America;Uruguay;URY;-;400.0;++;++;+;+;o;o;o;o;o;+;++;++;+;o;-;o;-;o;--;o;o;o;o;Uruguay offers a unique travel experience.
South America;Argentina;;;400.0;;;;;;;;;;;;;;;;;;;;;;;;Argentina offers a unique travel experience.
Argentina;Argentina North;ARG_NO;+;400.0;o;o;o;+;++;++;++;++;++;+;o;o;+;o;o;--;--;-;--;o;o;--;-;Argentina North offers a unique travel experience.
Argentina;Argentina Central;ARG_CE;+;400.0;-;o;+;++;++;+;o;o;+;++;++;o;+;o;-;-;-;-;-;+;o;+;o;Argentina Central offers a unique travel experience. Visitors can explore the rich local heritage and historical sites.
South America;Patagonia;ARG_SO;+;625.0;++;++;+;-;--;--;--;--;--;-;o;++;+;+;++;--;o;--;-;o;-;--;--;Patagonia is a wild region of windswept steppes and glacial peaks. Perito Moreno Glacier in Argentina is a spectacular advancing ice formation. Torres del Paine in Chile features iconic granite towers. The W Trek is a premier hiking route through diverse landscapes.
South America;Antarctica and South Atlantic;ATA;o;4500.0;++;+;o;--;--;--;--;--;--;--;o;++;+;+;o;--;o;--;--;--;--;--;--;Antarctica and South Atlantic offers a unique travel experience. Nature enthusiasts will appreciate the beautiful landscapes and natural scenery.
;;;;;;;;;;;;;;;;;;;;;;;;;;;;
Africa;Maghreb;;;;--;-;++;++;++;o;o;o;++;++;++;-;;;;;;;;;;;;
Maghreb;Morocco;MAR;o;390.0;--;-;++;++;++;o;o;o;++;++;++;-;o;+;o;o;o;+;--;++;+;+;+;Morocco offers a unique travel experience. Nature enthusiasts will appreciate the beautiful landscapes and natural scenery. Visitors can explore the rich local heritage and historical sites.
Maghreb;Algeria;DZA;--;450.0;--;-;++;++;++;o;o;o;++;++;++;-;-;o;-;o;-;o;--;o;o;o;-;Algeria offers a unique travel experience.
Maghreb;Tunisia;TUN;o;375.0;--;-;++;++;++;o;o;o;++;++;++;-;-;o;o;+;o;o;--;+;+;o;o;Tunisia offers a unique travel experience. Visitors can explore the rich local heritage and historical sites. Beautiful beaches provide the perfect setting for relaxation.
Maghreb;Libya;LBY;-;500.0;--;-;++;++;++;o;o;o;++;++;++;-;-;o;-;o;-;o;--;+;o;-;-;Libya offers a unique travel experience. Visitors can explore the rich local heritage and historical sites.
;;;;;;;;;;;;;;;;;;;;;;;;;;;;nan offers a unique travel experience.
Africa;Egypt;EGY;+;415.0;-;o;++;++;++;o;-;o;++;++;++;o;o;o;-;+;++;+;--;++;o;+;o;Egypt is the land of pharaohs and the Nile. The Pyramids of Giza and the Sphinx are ancient wonders. Luxor's Valley of the Kings holds ancient royal tombs. The Red Sea resorts like Hurghada offer world-class diving.
Africa;Sahel West;MRT;--;415.0;++;+;-;--;--;--;-;o;o;+;+;++;-;o;-;-;--;-;--;+;o;-;-;Sahel West is rich in history and culture. Goree Island off Dakar is a poignant memorial to the Atlantic slave trade. The Great Mosque of Djenne (in nearby Mali area) is a masterpiece of mud architecture.
Africa;Sahel East;TCD;--;415.0;++;++;o;-;--;--;-;-;-;o;+;++;--;o;--;--;--;-;--;+;o;-;--;Sahel East offers a unique travel experience. Visitors can explore the rich local heritage and historical sites.
Africa;West Africa;SEN;--;500.0;+;+;+;o;-;-;-;-;-;-;+;+;-;o;-;+;o;-;--;+;o;o;-;West Africa offers a unique travel experience. Visitors can explore the rich local heritage and historical sites. Beautiful beaches provide the perfect setting for relaxation.
Africa;Central Africa;CAF;--;500.0;+;+;o;o;-;-;-;-;-;-;+;+;--;+;-;--;--;--;--;o;o;-;--;Central Africa is a region of dense rainforests and wildlife. Dzanga-Sangha National Park offers opportunities to see forest elephants and western lowland gorillas. Odzala-Kokoua National Park is known for its biodiversity.
;;;;;;;;;;;;;;;;;;;;;;;;;;;;
Africa;East Africa;;;350.0;++;++;++;+;o;-;-;-;-;o;+;++;;;;;;;;;;;;
East Africa;Eritrea, Djibouti, Ethiopia;ERI;-;350.0;++;+;+;+;+;o;-;-;o;+;++;++;o;+;o;-;--;-;--;+;-;o;o;Eritrea, Djibouti, Ethiopia offers a unique travel experience. Nature enthusiasts will appreciate the beautiful landscapes and natural scenery. Visitors can explore the rich local heritage and historical sites.
East Africa;Somalia;SOM;--;350.0;++;++;+;o;o;-;o;o;+;+;+;++;--;o;--;-;-;--;--;-;-;--;--;Somalia offers a unique travel experience.
East Africa;Kenya;KEN;+;350.0;o;o;o;-;-;+;++;++;++;+;o;-;-;+;-;+;o;-;--;o;-;o;o;Kenya is a premier safari destination. The Masai Mara National Reserve is famous for the Great Migration. Amboseli National Park offers views of Mount Kilimanjaro with elephants.
East Africa;Tanzania;TZA;o;350.0;-;-;-;o;+;++;++;++;+;+;o;o;o;+;-;+;o;-;--;o;-;-;o;Tanzania offers a unique travel experience. Nature enthusiasts will appreciate the beautiful landscapes and natural scenery. Beautiful beaches provide the perfect setting for relaxation.
East Africa;Uganda, Rwanda and Burundi;UGA;-;350.0;++;++;+;o;+;++;++;+;+;o;o;+;o;++;o;--;--;-;--;o;-;-;o;Uganda, Rwanda and Burundi offers a unique travel experience. Nature enthusiasts will appreciate the beautiful landscapes and natural scenery.
;;;;;;;;;;;;;;;;;;;;;;;;;;;;
Africa;Southern Africa;;;;;;;;;;;;;;;;;;;;;;;;;;;
Southern Africa;Comoros, Mayotte, Mauritius, Reunion;COM;+;525.0;+;+;+;++;++;++;+;+;++;++;++;+;+;+;+;+;+;+;--;o;o;--;-;Comoros, Mayotte, Mauritius, Reunion offers a unique travel experience. Nature enthusiasts will appreciate the beautiful landscapes and natural scenery. Beautiful beaches provide the perfect setting for relaxation. Scenic trails offer great opportunities for hiking and exploration.
Southern Africa;South Africa;ZAF;++;385.0;-;o;++;++;++;o;-;+;++;++;+;-;-;++;+;+;o;+;--;o;o;o;-;South Africa offers a world in one country. Kruger National Park is one of Africa's largest game reserves. Table Mountain provides iconic views over Cape Town.
Southern Africa;Madagascar;MDG;-;350.0;o;o;o;+;+;+;++;++;++;+;+;o;o;+;o;-;+;o;--;o;-;-;-;Madagascar offers a unique travel experience. Nature enthusiasts will appreciate the beautiful landscapes and natural scenery.
Southern Africa;Namibia;NAM;+;385.0;-;-;+;++;++;++;+;+;++;++;o;-;o;+;+;-;--;o;--;o;o;-;-;Namibia offers a unique travel experience. Nature enthusiasts will appreciate the beautiful landscapes and natural scenery. Scenic trails offer great opportunities for hiking and exploration.
Southern Africa;Botswana;BWA;+;560.0;-;-;-;o;+;+;+;++;++;++;+;-;+;++;+;--;--;-;--;-;o;-;-;Botswana offers a unique travel experience. Nature enthusiasts will appreciate the beautiful landscapes and natural scenery. Scenic trails offer great opportunities for hiking and exploration.
Southern Africa;Zambia and Malawi;ZMB;o;450.0;-;-;-;o;++;++;+;+;++;+;o;-;o;++;o;--;--;-;--;o;o;-;-;Zambia and Malawi offers a unique travel experience. Nature enthusiasts will appreciate the beautiful landscapes and natural scenery.
Southern Africa;Mozambique and Zimbabwe;MOZ;-;350.0;-;-;-;o;+;++;+;+;++;++;+;-;-;+;o;+;+;o;--;o;o;o;-;Mozambique and Zimbabwe offers a unique travel experience. Nature enthusiasts will appreciate the beautiful landscapes and natural scenery. Beautiful beaches provide the perfect setting for relaxation.
;;;;;;;;;;;;;;;;;;;;;;;;;;;;
Asia;Near and Middle East;;;;;;;;;;;;;;;;;;;o;;;;;;;;
Near and Middle East;Israel;ISR;o;420.0;o;o;o;+;++;++;+;+;++;++;+;o;o;o;o;o;+;o;--;+;o;+;o;Israel offers a unique travel experience. Visitors can explore the rich local heritage and historical sites.
Near and Middle East;Jordan and Palestina;JOR;o;350.0;o;o;++;++;++;o;-;-;+;++;++;o;o;o;-;--;--;o;--;+;o;-;-;Jordan and Palestina offers a unique travel experience. Visitors can explore the rich local heritage and historical sites.
Near and Middle East;Lebanon and Syria;LBN;-;350.0;o;o;++;++;++;o;-;-;+;++;++;o;--;o;-;o;-;-;--;o;o;-;-;Lebanon and Syria offers a unique travel experience.
Near and Middle East;Iraq and Kuwait;IRQ;--;420.0;o;o;+;+;+;o;o;o;o;+;+;o;--;-;--;o;o;-;--;o;o;-;-;Iraq and Kuwait offers a unique travel experience.
Near and Middle East;Iran;IRN;-;350.0;-;o;+;++;+;+;o;o;+;++;+;o;+;o;-;-;-;o;o;+;o;o;-;Iran offers a unique travel experience. Visitors can explore the rich local heritage and historical sites.
Near and Middle East;United Arab Emirates;ARE;+;525.0;++;++;++;+;o;-;--;--;-;o;++;++;++;o;-;o;o;o;-;o;o;+;+;United Arab Emirates offers a unique travel experience.
Near and Middle East;Saudi-Arabia;SAU;o;560.0;++;++;+;o;o;-;--;--;-;o;++;++;++;o;--;o;o;-;--;o;o;o;-;Saudi-Arabia offers a unique travel experience.
Near and Middle East;Oman and Yemen;OMN;o;490.0;++;++;++;+;o;-;--;--;-;o;++;++;o;o;-;-;-;-;--;o;o;+;-;Oman and Yemen offers a unique travel experience.
Near and Middle East;Qatar and Bahrain;QAT;+;525.0;++;++;+;o;o;-;--;--;-;o;++;++;+;o;--;+;+;o;-;o;o;o;+;Qatar and Bahrain offers a unique travel experience. Beautiful beaches provide the perfect setting for relaxation.
;;;;;;;;;;;;;;;;;;;;;;;;;;;;
Asia;Russland and Caucasus;;;;-;-;-;o;+;+;+;+;+;o;-;-;o;;;--;;;;;;;;
Russland and Caucasus;Caucasus;ARM;-;400.0;--;--;-;o;+;++;+;++;+;o;-;--;-;o;-;-;--;-;-;o;o;o;-;Caucasus offers a unique travel experience.
Russland and Caucasus;Russia West;RUS_WE;o;400.0;--;--;--;-;o;+;++;+;o;-;--;--;o;o;-;-;-;o;--;+;o;+;+;Russia West offers a unique travel experience. Visitors can explore the rich local heritage and historical sites.
Russland and Caucasus;Russia South;RUS_SO;-;400.0;--;-;-;o;+;+;++;+;o;o;-;--;-;o;-;-;-;-;-;o;o;o;-;Russia South offers a unique travel experience.
Russland and Caucasus;Russia Central;RUS_CE;--;400.0;--;--;--;-;o;+;+;+;o;-;--;--;o;o;-;--;--;--;-;-;-;--;--;Russia Central offers a unique travel experience.
Russland and Caucasus;Russia East;RUS_EA;--;400.0;--;--;--;--;-;o;+;o;-;--;--;--;o;o;-;--;--;--;-;--;-;--;--;Russia East is a remote wilderness.
;;;;;;;;;;;;;;;;;;;;;;;;;;;;
Asia;South Asia;;;;;;;;;;;;;;;;;;;;;;;;;;;
South Asia;Pakistan;PAK;--;400.0;o;o;+;+;o;-;-;-;+;+;o;o;--;+;+;-;-;o;--;o;o;o;-;Pakistan offers a unique travel experience. Nature enthusiasts will appreciate the beautiful landscapes and natural scenery. Scenic trails offer great opportunities for hiking and exploration.
South Asia;Nepal;NPL;+;400.0;-;o;+;++;+;o;-;-;o;++;+;o;+;+;++;--;--;-;-;o;o;-;--;Nepal offers a unique travel experience. Nature enthusiasts will appreciate the beautiful landscapes and natural scenery. Scenic trails offer great opportunities for hiking and exploration.
South Asia;Bhutan;BTN;o;250.0;o;o;+;+;o;-;-;-;+;++;++;+;++;++;+;--;--;-;-;+;o;-;--;Bhutan offers a unique travel experience. Nature enthusiasts will appreciate the beautiful landscapes and natural scenery. Visitors can explore the rich local heritage and historical sites. Scenic trails offer great opportunities for hiking and exploration.
;;;;;;;;;;;;;;;;;;;;;;;;;;;;
South Asia;India;;;350.0;;;;;;;;;;;;;o;;;;;;;;;;;
India;India Himalayan North and Plains;IND_NO;o;350.0;++;++;+;+;o;-;--;--;--;++;++;++;o;+;++;--;--;-;-;+;+;+;o;India Himalayan North and Plains is dominated by the Himalayas and spiritual rivers. The Taj Mahal in Agra is a monument to eternal love. Varanasi on the Ganges is one of the world's oldest living cities. Leh-Ladakh offers stark, high-altitude desert beauty.
India;India Northeast and Bangladesh;IND_NE;-;350.0;++;++;+;o;o;o;--;--;--;+;++;++;-;+;+;-;-;-;--;+;+;o;-;India Northeast and Bangladesh offers a unique travel experience. Nature enthusiasts will appreciate the beautiful landscapes and natural scenery. Visitors can explore the rich local heritage and historical sites. Scenic trails offer great opportunities for hiking and exploration.
India;India East;IND_EA;-;350.0;++;++;+;o;o;o;--;--;--;+;++;++;o;o;-;-;-;o;--;+;+;+;o;India East offers a unique travel experience. Visitors can explore the rich local heritage and historical sites.
India;India West;IND_WE;+;350.0;++;++;+;o;o;o;--;--;--;+;++;++;o;o;-;+;o;o;--;+;+;o;-;India West offers a unique travel experience. Visitors can explore the rich local heritage and historical sites. Beautiful beaches provide the perfect setting for relaxation.
India;India South;IND_SO;+;350.0;++;++;+;o;o;--;--;--;--;o;++;++;o;o;-;+;o;o;--;+;+;+;-;India South offers a unique travel experience. Visitors can explore the rich local heritage and historical sites. Beautiful beaches provide the perfect setting for relaxation.
South Asia;Sri Lanka;LKA;o;360.0;+;+;+;o;-;-;-;o;+;o;+;+;o;o;-;+;+;o;--;+;o;o;-;Sri Lanka offers a unique travel experience. Visitors can explore the rich local heritage and historical sites. Beautiful beaches provide the perfect setting for relaxation.
South Asia;Maldives;MDV;+;350.0;++;++;++;o;-;o;o;o;-;-;-;-;+;-;--;++;++;o;--;o;o;-;--;Maldives offers a unique travel experience. Beautiful beaches provide the perfect setting for relaxation.
;;;;;;;;;;;;;;;;;;;;;;;;;;;;
Asia;Southeast Asia;;;;;;;;;;;;;;;;+;;;;;;;;;;;Southeast Asia offers a unique travel experience.
Southeast Asia;Myanmar;MMR;o;450.0;++;++;o;--;--;--;-;-;-;o;++;++;+;o;o;o;o;o;--;++;o;-;-;Myanmar offers a unique travel experience. Visitors can explore the rich local heritage and historical sites.
Southeast Asia;Thailand North and Laos;THA_NO;+;360.0;++;++;+;--;--;-;-;-;-;o;++;++;+;+;+;-;--;+;--;+;+;+;-;Thailand North and Laos offers a unique travel experience. Nature enthusiasts will appreciate the beautiful landscapes and natural scenery. Visitors can explore the rich local heritage and historical sites. Scenic trails offer great opportunities for hiking and exploration.
Southeast Asia;Thailand South;THA_SO;++;375.0;++;+;+;-;-;o;o;o;o;+;++;++;+;+;o;++;+;o;--;o;+;-;-;Thailand South is a tropical beach paradise. Phuket and Krabi offer stunning limestone cliffs and clear waters. The Phi Phi Islands are famous for their scenic bays.
Southeast Asia;Vietnam and Cambodia;VNM;+;375.0;++;++;+;--;--;-;-;-;-;o;++;++;+;+;o;o;-;o;--;+;o;o;--;Vietnam and Cambodia offers a unique travel experience. Nature enthusiasts will appreciate the beautiful landscapes and natural scenery. Visitors can explore the rich local heritage and historical sites.
Southeast Asia;West Malaysia and Singapur;MYS_WE;++;510.0;o;o;+;+;+;+;o;o;+;+;+;o;++;+;-;+;o;o;--;o;o;+;+;West Malaysia and Singapur offers a unique travel experience. Nature enthusiasts will appreciate the beautiful landscapes and natural scenery. Beautiful beaches provide the perfect setting for relaxation.
Southeast Asia;Borneo;MYS_BO;o;460.0;-;o;+;+;+;+;o;o;+;+;o;-;+;+;-;o;o;-;--;o;-;--;--;Borneo offers a unique travel experience. Nature enthusiasts will appreciate the beautiful landscapes and natural scenery.
;;;;;;;;;;;;;;;;;;;;;;;;;;;;nan offers a unique travel experience.
Southeast Asia;Indonesia;;;400.0;;;;;;;;;;;;;+;;;;;;;;;;;Indonesia offers a unique travel experience.
Indonesia;Sumatra and Java;IDN_SU;+;400.0;--;-;o;o;++;++;++;++;+;o;-;--;+;+;+;o;+;o;--;+;o;+;o;Sumatra and Java offers a unique travel experience. Nature enthusiasts will appreciate the beautiful landscapes and natural scenery. Visitors can explore the rich local heritage and historical sites. Scenic trails offer great opportunities for hiking and exploration.
Indonesia;Bali and Lombok;IDN_BA;++;400.0;--;--;-;o;+;++;++;++;++;+;o;-;+;+;o;+;+;o;--;o;o;o;-;Bali and Lombok offers a unique travel experience. Nature enthusiasts will appreciate the beautiful landscapes and natural scenery. Beautiful beaches provide the perfect setting for relaxation.
Indonesia;Indonesian islands west of Lombok;IDN_RE;-;400.0;--;--;-;o;+;++;++;++;++;+;o;-;+;+;-;o;o;-;--;o;o;--;--;Indonesian islands west of Lombok offers a unique travel experience. Nature enthusiasts will appreciate the beautiful landscapes and natural scenery.
Southeast Asia;Philippines;PHL;o;375.0;+;++;++;++;o;-;--;--;--;-;-;o;o;o;o;+;+;o;--;+;o;-;-;Philippines offers a unique travel experience. Visitors can explore the rich local heritage and historical sites. Beautiful beaches provide the perfect setting for relaxation.
;;;;;;;;;;;;;;;;;;;;;;;;;;;;
Asia;East Asia;;;450.0;;;;;;;;;;;;;;;;;;;;;;;;
East Asia;China;;;450.0;;;;;;;;;;;;;+;;;;;;;;;;;
China;China Northeast (Liaoning to Heilongjiang);CHN_NE;-;450.0;--;--;--;-;o;+;++;+;+;o;--;--;+;o;-;-;--;-;o;-;o;-;o;China Northeast (Liaoning to Heilongjiang) offers a unique travel experience.
China;China North (Beijing region);CHN_NO;+;450.0;--;--;-;o;+;++;+;++;++;+;-;--;+;o;-;-;-;+;-;+;o;+;+;China North (Beijing region) offers a unique travel experience. Visitors can explore the rich local heritage and historical sites.
China;China Northwest (Shaanxi to Xinjiang);CHN_NW;-;500.0;--;--;-;o;+;++;++;++;o;o;--;--;+;o;-;--;--;-;--;o;o;-;-;China Northwest (Shaanxi to Xinjiang) is a land of Silk Road history and dramatic landscapes.
China;China Southwest (Guangxi to Tibet);CHN_SW;-;500.0;--;-;o;+;++;++;+;+;++;+;-;--;+;+;+;--;--;o;-;+;+;-;-;China Southwest (Guangxi to Tibet) offers a unique travel experience. Nature enthusiasts will appreciate the beautiful landscapes and natural scenery. Visitors can explore the rich local heritage and historical sites. Scenic trails offer great opportunities for hiking and exploration.
China;China South-central (Sichuan to Anhui);CHN_SC;-;450.0;-;-;o;+;++;+;+;+;++;+;o;-;+;o;o;--;--;o;-;o;+;o;o;China South-central (Sichuan to Anhui) offers a unique travel experience.
China;China Southeast (Hainan to Fujian, incl. Hong Kong);CHN_SE;-;450.0;o;o;+;++;o;o;+;+;++;++;+;o;+;+;o;+;+;+;--;o;o;++;++;China Southeast (Hainan to Fujian, incl. Hong Kong) offers a unique travel experience. Nature enthusiasts will appreciate the beautiful landscapes and natural scenery. Beautiful beaches provide the perfect setting for relaxation.
China;China East (Shanghai region);CHN_EA;+;450.0;-;-;o;+;++;+;+;+;++;+;o;-;+;+;o;o;o;+;--;+;o;++;++;China East (Shanghai region) offers a unique travel experience. Nature enthusiasts will appreciate the beautiful landscapes and natural scenery. Visitors can explore the rich local heritage and historical sites.
;;;;;;;;;;;;;;;;;;;;;;;;;;;;nan offers a unique travel experience.
East Asia;Taiwan;TWN;o;510.0;-;o;++;++;++;-;--;--;++;++;++;o;++;+;+;+;-;o;--;+;o;+;+;Taiwan offers a unique travel experience. Nature enthusiasts will appreciate the beautiful landscapes and natural scenery. Visitors can explore the rich local heritage and historical sites. Beautiful beaches provide the perfect setting for relaxation. Scenic trails offer great opportunities for hiking and exploration.
East Asia;Japan;JPN;+;560.0;-;o;++;++;++;o;-;-;++;++;+;-;++;+;+;o;-;+;o;+;o;++;+;Japan seamlessly blends ancient tradition with modernity. Kyoto's temples like Kinkaku-ji and Fushimi Inari Taisha are cultural treasures. Mount Fuji is an iconic symbol and scenic hiking destination.
East Asia;South Korea;KOR;o;490.0;-;-;-;+;+;o;o;o;+;++;+;-;+;+;+;-;-;o;-;+;o;+;+;South Korea offers a unique travel experience. Nature enthusiasts will appreciate the beautiful landscapes and natural scenery. Visitors can explore the rich local heritage and historical sites. Scenic trails offer great opportunities for hiking and exploration.
East Asia;North Korea;PRK;--;400.0;-;-;-;+;+;o;o;o;+;++;+;-;o;-;--;--;--;--;--;o;--;-;--;North Korea offers a unique travel experience.
East Asia;Mongolia;MNG;-;350.0;--;--;-;o;+;++;o;o;++;+;o;--;+;o;o;--;--;-;-;o;o;--;-;Mongolia offers a unique travel experience.
;;;;;;;;;;;;;;;;;;;;;;;;;;;;nan offers a unique travel experience.
Asia;Central Asia;;;350.0;;;;;;;;;;;;;;;;;;;;;;;;Central Asia offers a unique travel experience.
Central Asia;Uzbekistan and Turkmenistan;UZB;o;350.0;--;-;o;o;++;++;+;+;++;++;+;--;o;o;o;--;--;-;o;o;o;o;-;Uzbekistan and Turkmenistan offers a unique travel experience.
Central Asia;Kyrgyzstan and Tajikistan;KGZ;-;350.0;--;-;o;o;+;++;++;++;+;o;-;--;o;+;-;--;--;--;--;-;o;--;--;Kyrgyzstan and Tajikistan offers a unique travel experience. Nature enthusiasts will appreciate the beautiful landscapes and natural scenery.
Central Asia;Kazakhstan;KAZ;-;350.0;--;--;--;-;+;+;+;+;+;-;--;--;o;-;--;--;--;--;--;o;-;-;-;Kazakhstan offers a unique travel experience.
Central Asia;Afghanistan;AFG;--;350.0;--;--;-;+;+;o;-;o;+;+;o;--;--;-;-;--;--;-;--;o;o;-;-;Afghanistan offers a unique travel experience.
;;;;;;;;;;;;;;;;;;;;;;;;;;;;
Oceania;Australia;;;560.0;;;;;;;;;;;;;+;;;;;;;;;;;
Australia;Australia West;AUS_WE;+;560.0;o;o;++;+;o;-;-;o;++;++;++;o;+;+;+;+;+;o;--;o;-;-;o;Australia West offers a unique travel experience. Nature enthusiasts will appreciate the beautiful landscapes and natural scenery. Beautiful beaches provide the perfect setting for relaxation. Scenic trails offer great opportunities for hiking and exploration.
Australia;Australia Northeast;AUS_NE;+;560.0;-;-;-;-;o;+;+;++;++;++;+;o;+;+;o;++;++;o;--;o;-;-;o;Australia Northeast is home to aquatic wonders. The Great Barrier Reef is the world's largest coral reef system, perfect for diving. The Daintree Rainforest offers ancient tropical biodiversity.
Australia;Australia South;AUS_SO;++;560.0;o;+;++;++;o;-;-;o;++;++;++;o;+;+;+;+;+;o;--;o;-;o;o;Australia South offers a unique travel experience. Nature enthusiasts will appreciate the beautiful landscapes and natural scenery. Beautiful beaches provide the perfect setting for relaxation. Scenic trails offer great opportunities for hiking and exploration.
Oceania;New Zealand;NZL;++;490.0;++;++;++;+;o;-;-;-;-;o;+;++;++;++;+;o;o;o;-;o;o;o;o;New Zealand is an adventure capital with stunning scenery. Milford Sound offers dramatic fiord landscapes. Rotorua is famous for its geothermal activity and Maori culture. The Tongariro Alpine Crossing is often called the best day hike in the world.
Oceania;Papua New Guinea;PNG;--;750.0;--;--;--;-;-;+;+;+;+;o;-;--;o;o;+;o;o;o;--;+;o;-;--;Papua New Guinea offers a unique travel experience. Visitors can explore the rich local heritage and historical sites. Scenic trails offer great opportunities for hiking and exploration.
;;;;;;;;;;;;;;;;;;;;;;;;;;;;
Oceania;Pacific;;;400.0;o;o;o;+;+;+;+;+;+;+;+;o;+;;;;;;;;;;;
Pacific;Micronesia;FSM;-;750.0;o;o;o;+;+;+;+;+;+;+;+;o;+;+;-;++;+;-;--;+;o;--;-;Micronesia offers a unique travel experience. Nature enthusiasts will appreciate the beautiful landscapes and natural scenery. Visitors can explore the rich local heritage and historical sites. Beautiful beaches provide the perfect setting for relaxation.
Pacific;Melanesia;SLB;-;750.0;o;o;o;+;+;+;+;+;+;+;+;o;+;+;-;++;+;-;--;+;o;--;-;Melanesia offers a unique travel experience. Nature enthusiasts will appreciate the beautiful landscapes and natural scenery. Visitors can explore the rich local heritage and historical sites. Beautiful beaches provide the perfect setting for relaxation.
Pacific;Polynesia;PYF;-;800.0;o;o;o;+;+;+;+;+;+;+;+;o;+;+;-;++;+;o;--;+;o;--;-;Polynesia offers a unique travel experience. Nature enthusiasts will appreciate the beautiful landscapes and natural scenery. Visitors can explore the rich local heritage and historical sites. Beautiful beaches provide the perfect setting for relaxation.
;;;;;;;;;;;;;;;;;;;;;;;;;;;;
Europe;North Europe;;;;-;-;-;o;+;++;++;++;+;o;o;-;++;;;;;;;;;;;
North Europe;Norway;NOR;++;560.0;-;-;-;o;+;++;++;++;+;o;o;-;++;+;+;--;-;-;+;o;o;-;o;Norway is famous for its deep fjords and mountainous terrain. Geirangerfjord and Nærøyfjord provide stunning scenic cruises. Hikes to Trolltunga and Preikestolen offer dizzying cliff-top views.
North Europe;Finland;FIN;o;525.0;-;-;-;o;+;++;++;++;+;o;o;-;++;+;o;--;-;o;o;o;o;-;o;Finland offers a unique travel experience. Nature enthusiasts will appreciate the beautiful landscapes and natural scenery.
North Europe;Sweden and Denmark;SWE;+;525.0;-;-;-;o;+;++;++;++;+;o;o;-;++;+;o;-;o;o;o;o;o;o;o;Sweden and Denmark offers a unique travel experience. Nature enthusiasts will appreciate the beautiful landscapes and natural scenery.
North Europe;Iceland and Faroe Islands;ISL;+;560.0;-;-;-;o;+;++;++;++;+;o;o;-;++;+;+;--;o;-;-;o;-;-;-;Iceland and Faroe Islands offers dramatic volcanic and coastal landscapes. The Golden Circle route features geysers like Strokkur and Gullfoss waterfall. Black sand beaches at Reynisfjara are visually striking.
;;;;;;;;;;;;;;;;;;;;;;;;;;;;
Europe;Central Europe;;;;o;-;o;o;+;++;++;++;++;+;-;o;+;;;;;;;;;;;
Central Europe;Germany;DEU;+;420.0;o;-;o;o;+;++;++;++;++;+;-;o;+;o;o;-;-;+;o;+;o;+;o;Germany offers a unique travel experience. Visitors can explore the rich local heritage and historical sites.
Central Europe;Austria;AUT;++;500.0;+;+;+;o;+;++;++;++;+;o;-;+;+;+;+;--;-;o;++;+;o;+;o;Austria offers a unique travel experience. Nature enthusiasts will appreciate the beautiful landscapes and natural scenery. Visitors can explore the rich local heritage and historical sites. Scenic trails offer great opportunities for hiking and exploration.
Central Europe;Benelux;NLD;+;420.0;o;-;o;o;+;++;++;++;++;+;-;o;+;o;o;-;-;o;-;+;-;+;o;Benelux offers a unique travel experience. Visitors can explore the rich local heritage and historical sites.
Central Europe;Switzerland and Liechtenstein;CHE;+;750.0;+;+;+;o;+;++;++;++;+;o;-;+;+;+;+;--;-;o;++;+;o;+;o;Switzerland and Liechtenstein offers a unique travel experience. Nature enthusiasts will appreciate the beautiful landscapes and natural scenery. Visitors can explore the rich local heritage and historical sites. Scenic trails offer great opportunities for hiking and exploration.
Central Europe;France;FRA;++;420.0;o;-;o;o;+;++;++;++;++;+;-;o;+;+;+;+;o;o;o;+;+;+;+;France offers a diverse mix of romance, history, and landscapes. Paris boasts landmarks like the Eiffel Tower and the Louvre. The French Alps offer majestic peaks like Mont Blanc. The French Riviera is synonymous with glamour and azure waters.
Central Europe;Slovenia and Croatia;SVN;+;350.0;o;-;o;o;+;++;++;++;++;+;-;o;+;o;o;+;o;o;-;+;o;+;o;Slovenia and Croatia offers a unique travel experience. Visitors can explore the rich local heritage and historical sites. Beautiful beaches provide the perfect setting for relaxation.
;;;;;;;;;;;;;;;;;;;;;;;;;;;;
Europe;British Islands;;;420.0;-;-;o;+;++;++;+;+;+;+;o;-;+;;;;;;;;;;;
British Islands;Ireland and Northern Ireland;IRL;+;400.0;-;-;o;+;++;++;+;+;+;+;o;-;+;+;o;--;--;o;-;+;o;o;o;Ireland and Northern Ireland offers a unique travel experience. Nature enthusiasts will appreciate the beautiful landscapes and natural scenery. Visitors can explore the rich local heritage and historical sites.
British Islands;Scotland;GBR_SC;+;400.0;-;-;o;+;++;++;+;+;+;+;o;-;+;o;o;--;--;o;-;+;-;o;o;Scotland offers a unique travel experience. Visitors can explore the rich local heritage and historical sites.
British Islands;England and Wales;GBR_EN;+;400.0;-;-;o;+;++;++;+;+;+;+;o;-;+;o;o;-;--;o;--;+;-;+;+;England and Wales offers a unique travel experience. Visitors can explore the rich local heritage and historical sites.
;;;;;;;;;;;;;;;;;;;;;;;;;;;;
Europe;Eastern Europe;;;350.0;-;-;-;o;++;++;+;+;++;++;o;-;+;;;-;;;;;;;;
Eastern Europe;Czech Republic and Slovakia;CZE;o;350.0;-;-;-;o;++;++;+;+;++;++;o;-;+;o;o;--;--;o;o;+;o;+;o;Czech Republic and Slovakia offers a unique travel experience. Visitors can explore the rich local heritage and historical sites.
Eastern Europe;Hungary;HUN;o;350.0;-;-;-;o;++;++;+;+;++;++;o;-;+;o;+;-;-;o;-;+;o;+;o;Hungary offers a unique travel experience. Visitors can explore the rich local heritage and historical sites. Scenic trails offer great opportunities for hiking and exploration.
Eastern Europe;Baltic states;EST;o;350.0;-;-;-;o;++;++;+;+;++;++;o;-;+;o;o;-;-;o;-;+;o;+;-;Baltic states offers a unique travel experience. Visitors can explore the rich local heritage and historical sites.
Eastern Europe;Poland;POL;o;350.0;-;-;-;o;++;++;+;+;++;++;o;-;+;o;-;-;-;o;--;o;o;o;o;Poland offers a unique travel experience.
Eastern Europe;Belarus, Ukraine and Moldova;BLR;--;350.0;-;-;-;o;++;++;+;+;++;++;o;-;+;o;o;-;-;-;-;o;o;-;-;Belarus, Ukraine and Moldova offers a unique travel experience.
Eastern Europe;Romania, Bulgaria and Macedonia;ROU;-;350.0;-;-;-;o;++;++;+;+;++;++;o;-;+;o;o;o;o;-;--;o;o;o;-;Romania, Bulgaria and Macedonia offers a unique travel experience.
Eastern Europe;Serbia, Bosnia and Herzegovina, Montenegro;SRB;-;350.0;-;-;-;o;++;++;+;+;++;++;o;-;+;-;-;--;--;-;--;o;o;-;-;Serbia, Bosnia and Herzegovina, Montenegro offers a unique travel experience.
Eastern Europe;Albania, Kosovo;ALB;o;350.0;-;-;-;o;++;++;+;+;++;++;o;-;+;-;-;o;-;-;--;o;o;-;-;Albania, Kosovo offers a unique travel experience.
;;;;;;;;;;;;;;;;;;;;;;;;;;;;
Europe;Southern Europe;;;350.0;-;-;o;++;++;++;+;+;++;++;+;o;o;;;;;;;;;;;
Southern Europe;Corsica and Sardinia;FRA_CO;+;350.0;-;-;o;++;++;++;+;+;++;++;+;o;o;o;o;+;o;-;--;o;o;-;-;Corsica and Sardinia offers a unique travel experience. Beautiful beaches provide the perfect setting for relaxation.
Southern Europe;Italy and Malta;ITA;++;350.0;-;-;o;++;++;++;+;+;++;++;+;o;o;+;+;+;+;o;--;++;+;++;o;Italy and Malta is a treasure trove of art, history, and landscapes. Rome's Colosseum and Venice's canals are iconic historic sites. Florence is the cradle of the Renaissance. The Amalfi Coast offers breathtaking cliffside views. The Dolomites provide dramatic mountain scenery.
Southern Europe;Greece, mainland;GRC_ML;+;350.0;-;-;o;++;++;++;+;+;++;++;+;o;o;+;+;+;+;o;--;+;+;+;o;Greece, mainland offers a unique travel experience. Nature enthusiasts will appreciate the beautiful landscapes and natural scenery. Visitors can explore the rich local heritage and historical sites. Beautiful beaches provide the perfect setting for relaxation. Scenic trails offer great opportunities for hiking and exploration.
Southern Europe;Greece, islands;GRC_IS;++;350.0;-;-;o;++;++;++;+;+;++;++;+;o;o;+;o;++;+;+;--;++;+;o;-;Greece, islands features quintessential Mediterranean paradises. Santorini is famous for its sunsets and volcanic beaches. Mykonos offers beautiful beaches and vibrant nightlife. Ancient ruins like Delos offer a glimpse into the past.
Southern Europe;Spain, mainland;ESP_ML;++;350.0;-;-;o;++;++;++;+;+;++;++;+;o;o;o;-;++;+;+;--;+;+;+;o;Spain, mainland offers a unique travel experience. Visitors can explore the rich local heritage and historical sites. Beautiful beaches provide the perfect setting for relaxation.
Southern Europe;Spain, Balearic Islands;ESP_BA;++;350.0;-;-;o;+;++;++;+;+;++;++;o;-;o;+;+;++;+;++;--;o;+;o;-;Spain, Balearic Islands offers a unique travel experience. Nature enthusiasts will appreciate the beautiful landscapes and natural scenery. Beautiful beaches provide the perfect setting for relaxation. Scenic trails offer great opportunities for hiking and exploration.
Southern Europe;Spain, Canary islands;ESP_CA;++;350.0;+;+;+;++;++;++;+;+;++;++;++;o;o;o;o;+;o;+;--;o;o;o;-;Spain, Canary islands offers a unique travel experience. Beautiful beaches provide the perfect setting for relaxation.
Southern Europe;Portugal, mainland;PRT;++;350.0;-;-;o;++;++;++;+;+;++;++;+;o;o;o;o;+;o;o;--;+;+;+;-;Portugal, mainland offers a unique travel experience. Visitors can explore the rich local heritage and historical sites. Beautiful beaches provide the perfect setting for relaxation.
Southern Europe;Portugal, islands;PRT_IS;+;350.0;-;-;o;++;++;++;+;+;++;++;+;o;o;+;+;+;+;o;--;+;o;o;-;Portugal, islands offers a unique travel experience. Nature enthusiasts will appreciate the beautiful landscapes and natural scenery. Visitors can explore the rich local heritage and historical sites. Beautiful beaches provide the perfect setting for relaxation. Scenic trails offer great opportunities for hiking and exploration.
Southern Europe;Turkey;TUR;+;350.0;-;-;o;++;++;++;+;+;++;++;+;o;o;o;o;+;o;o;o;++;+;+;o;Turkey offers a unique travel experience. Visitors can explore the rich local heritage and historical sites. Beautiful beaches provide the perfect setting for relaxation.
Southern Europe;Cyprus;CYP;o;350.0;-;-;o;++;++;++;+;+;++;++;+;o;o;-;o;+;+;o;--;+;o;o;-;Cyprus offers a unique travel experience. Visitors can explore the rich local heritage and historical sites. Beautiful beaches provide the perfect setting for relaxation.
